<?xml version="1.0" encoding="UTF-8"?>
<project-private xmlns="http://www.netbeans.org/ns/project-private/1">
    <editor-bookmarks xmlns="http://www.netbeans.org/ns/editor-bookmarks/2" lastBookmarkId="0"/>
    <open-files xmlns="http://www.netbeans.org/ns/projectui-open-files/2">
        <group>
            <file>file:/C:/Users/Alvaro%20Marquez/Documents/NetBeansProjects/TaxiUnicoTaxista/src/taxiunicotaxista/ViajeCanTax.fxml</file>
            <file>file:/C:/Users/Alvaro%20Marquez/Documents/NetBeansProjects/TaxiUnicoTaxista/src/taxiunicotaxista/ViajeFin.fxml</file>
            <file>file:/C:/Users/Alvaro%20Marquez/Documents/NetBeansProjects/TaxiUnicoTaxista/src/taxiunicotaxista/ViajeFinController.java</file>
        </group>
    </open-files>
</project-private>
