<?xml version="1.0" encoding="UTF-8"?>
<project-private xmlns="http://www.netbeans.org/ns/project-private/1">
    <editor-bookmarks xmlns="http://www.netbeans.org/ns/editor-bookmarks/2" lastBookmarkId="0"/>
    <open-files xmlns="http://www.netbeans.org/ns/projectui-open-files/2">
        <group>
            <file>file:/C:/Users/Alvaro%20Marquez/Documents/NetBeansProjects/TaxiUnicoAdmini/src/taxiunicoadmini/RecuperarContraController.java</file>
            <file>file:/C:/Users/Alvaro%20Marquez/Documents/NetBeansProjects/TaxiUnicoAdmini/src/taxiunicoadmini/FXMLDocumentController.java</file>
            <file>file:/C:/Users/Alvaro%20Marquez/Documents/NetBeansProjects/TaxiUnicoAdmini/src/taxiunicoadmini/FXMLDocument.fxml</file>
            <file>file:/C:/Users/Alvaro%20Marquez/Documents/NetBeansProjects/TaxiUnicoAdmini/src/taxiunicoadmini/recuperarContra.fxml</file>
        </group>
    </open-files>
</project-private>
